slug	version	status	verify_jwt	updated_at	entrypoint
abandon-payment-session	v139	ACTIVE	verify_jwt=false	updated_at=2026-09-24T10:45:38Z	entrypoint=index.ts
accept-offer	v546	ACTIVE	verify_jwt=false	updated_at=2026-09-23T18:53:26Z	entrypoint=index.ts
accept-trip	v683	ACTIVE	verify_jwt=false	updated_at=2026-09-16T22:38:49Z	entrypoint=index.ts
account-email-change-verify-link	v265	ACTIVE	verify_jwt=false	updated_at=2026-09-16T22:38:49Z	entrypoint=index.ts
account-email-verify-link	v316	ACTIVE	verify_jwt=false	updated_at=2026-09-16T22:38:49Z	entrypoint=index.ts
ack-timeout-sweep	v310	ACTIVE	verify_jwt=false	updated_at=2026-09-16T22:38:49Z	entrypoint=index.ts
admin-add-trip-finance-note	v260	ACTIVE	verify_jwt=false	updated_at=2026-09-16T22:38:49Z	entrypoint=index.ts
admin-cancel-trip-negotiation	v247	ACTIVE	verify_jwt=false	updated_at=2026-09-16T22:38:49Z	entrypoint=index.ts
admin-cancel-trip-payment	v304	ACTIVE	verify_jwt=false	updated_at=2026-09-16T22:38:49Z	entrypoint=index.ts
admin-capture-trip-payment	v315	ACTIVE	verify_jwt=false	updated_at=2026-09-25T11:34:42Z	entrypoint=index.ts
admin-commission-wallet-campaigns	v215	ACTIVE	verify_jwt=false	updated_at=2026-09-16T22:38:49Z	entrypoint=index.ts
admin-commission-wallet-credit	v224	ACTIVE	verify_jwt=false	updated_at=2026-09-16T22:38:49Z	entrypoint=index.ts
admin-commission-wallet-overview	v219	ACTIVE	verify_jwt=false	updated_at=2026-09-16T22:38:49Z	entrypoint=index.ts
admin-company-operational-reserve	v76	ACTIVE	verify_jwt=false	updated_at=2026-09-16T22:38:49Z	entrypoint=index.ts
admin-company-outgoing-transfer	v167	ACTIVE	verify_jwt=false	updated_at=2026-09-16T22:38:49Z	entrypoint=index.ts
admin-company-payees	v138	ACTIVE	verify_jwt=false	updated_at=2026-09-16T22:38:49Z	entrypoint=index.ts
admin-continuous-reconciliation	v245	ACTIVE	verify_jwt=false	updated_at=2026-10-02T14:04:11Z	entrypoint=index.ts
admin-customer-receivables	v58	ACTIVE	verify_jwt=false	updated_at=2026-09-23T20:38:04Z	entrypoint=index.ts
admin-delete-account	v301	ACTIVE	verify_jwt=false	updated_at=2026-09-16T22:38:49Z	entrypoint=index.ts
admin-digital-finance-migration	v262	ACTIVE	verify_jwt=false	updated_at=2026-09-16T22:38:49Z	entrypoint=index.ts
admin-driver-adjustment	v434	ACTIVE	verify_jwt=false	updated_at=2026-10-02T14:01:53Z	entrypoint=index.ts
admin-driver-financial-repair	v14	ACTIVE	verify_jwt=false	updated_at=2026-09-26T06:26:36Z	entrypoint=index.ts
admin-driver-invoice	v297	ACTIVE	verify_jwt=false	updated_at=2026-09-16T22:38:49Z	entrypoint=index.ts
admin-driver-settlements	v443	ACTIVE	verify_jwt=false	updated_at=2026-09-16T22:38:49Z	entrypoint=index.ts
admin-driver-wallet-detail	v436	ACTIVE	verify_jwt=false	updated_at=2026-09-16T22:38:49Z	entrypoint=index.ts
admin-driver-wallet-ssot	v279	ACTIVE	verify_jwt=false	updated_at=2026-10-02T14:03:19Z	entrypoint=index.ts
admin-dry-run-driver-payout-payment	v108	ACTIVE	verify_jwt=false	updated_at=2026-09-16T22:38:49Z	entrypoint=index.ts
admin-emergency-dispatch	v294	ACTIVE	verify_jwt=false	updated_at=2026-09-16T22:38:49Z	entrypoint=index.ts
admin-execute-weekly-payout-occurrence	v126	ACTIVE	verify_jwt=false	updated_at=2026-10-02T14:02:19Z	entrypoint=index.ts
admin-finalize-company-transfer-completion	v184	ACTIVE	verify_jwt=false	updated_at=2026-09-16T22:38:49Z	entrypoint=index.ts
admin-finalize-driver-payout-completion	v185	ACTIVE	verify_jwt=false	updated_at=2026-09-16T22:38:49Z	entrypoint=index.ts
admin-finance-reconciliation	v290	ACTIVE	verify_jwt=false	updated_at=2026-10-02T14:03:46Z	entrypoint=index.ts
admin-finance-settlement-summary	v198	ACTIVE	verify_jwt=false	updated_at=2026-09-25T13:30:25Z	entrypoint=index.ts
admin-finance-summary	v264	ACTIVE	verify_jwt=false	updated_at=2026-09-25T13:30:37Z	entrypoint=index.ts
admin-get-trip-payment-state	v248	ACTIVE	verify_jwt=false	updated_at=2026-10-02T14:02:48Z	entrypoint=index.ts
admin-get-trips-capture-ssot	v173	ACTIVE	verify_jwt=false	updated_at=2026-09-25T13:30:59Z	entrypoint=index.ts
admin-hold-action	v143	ACTIVE	verify_jwt=false	updated_at=2026-09-25T11:35:34Z	entrypoint=index.ts
admin-increment-revolut-authorisation	v191	ACTIVE	verify_jwt=false	updated_at=2026-09-16T22:38:49Z	entrypoint=index.ts
admin-integration-secrets	v261	ACTIVE	verify_jwt=false	updated_at=2026-09-16T22:38:49Z	entrypoint=index.ts
admin-lovable-publish	v286	ACTIVE	verify_jwt=false	updated_at=2026-09-20T09:17:55Z	entrypoint=index.ts
admin-mark-manual-payout-paid	v239	ACTIVE	verify_jwt=false	updated_at=2026-09-16T22:38:49Z	entrypoint=index.ts
admin-official-boundaries	v232	ACTIVE	verify_jwt=false	updated_at=2026-09-16T22:38:49Z	entrypoint=index.ts
admin-payment-detail	v354	ACTIVE	verify_jwt=false	updated_at=2026-09-16T22:38:49Z	entrypoint=index.ts
admin-payment-holds-reconciliation	v139	ACTIVE	verify_jwt=false	updated_at=2026-09-16T22:38:49Z	entrypoint=index.ts
admin-payment-lifecycle-audit	v223	ACTIVE	verify_jwt=false	updated_at=2026-09-16T22:38:49Z	entrypoint=index.ts
admin-payment-providers	v305	ACTIVE	verify_jwt=false	updated_at=2026-09-16T22:38:49Z	entrypoint=index.ts
admin-payment-sessions	v179	ACTIVE	verify_jwt=false	updated_at=2026-09-16T22:38:49Z	entrypoint=index.ts
admin-payments-list	v372	ACTIVE	verify_jwt=false	updated_at=2026-09-16T22:38:49Z	entrypoint=index.ts
admin-payments-summary	v438	ACTIVE	verify_jwt=false	updated_at=2026-09-16T22:38:49Z	entrypoint=index.ts
admin-payout-batches	v506	ACTIVE	verify_jwt=false	updated_at=2026-09-16T22:38:49Z	entrypoint=index.ts
admin-payout-ledger	v185	ACTIVE	verify_jwt=false	updated_at=2026-10-02T14:04:39Z	entrypoint=index.ts
admin-recapture-trip-shortfall	v218	ACTIVE	verify_jwt=false	updated_at=2026-09-16T22:38:49Z	entrypoint=index.ts
admin-reconcile-historical-payout-allocation	v224	ACTIVE	verify_jwt=false	updated_at=2026-09-16T22:38:49Z	entrypoint=index.ts
admin-recover-captured-trip-wallet	v85	ACTIVE	verify_jwt=false	updated_at=2026-09-16T22:38:49Z	entrypoint=index.ts
admin-recover-mk007-mk009-wallet	v77	ACTIVE	verify_jwt=false	updated_at=2026-09-16T22:38:49Z	entrypoint=index.ts
admin-recover-revolut-orphan	v130	ACTIVE	verify_jwt=false	updated_at=2026-09-16T22:38:49Z	entrypoint=index.ts
admin-refresh-payment-sessions	v232	ACTIVE	verify_jwt=false	updated_at=2026-10-02T14:00:07Z	entrypoint=index.ts
admin-refund-trip-payment	v296	ACTIVE	verify_jwt=false	updated_at=2026-09-16T22:38:49Z	entrypoint=index.ts
admin-register-revolut-webhook	v219	ACTIVE	verify_jwt=false	updated_at=2026-09-16T22:38:49Z	entrypoint=index.ts
admin-remediate-mk260815029	v134	ACTIVE	verify_jwt=false	updated_at=2026-09-16T22:38:49Z	entrypoint=index.ts
admin-remediate-trip-payment	v128	ACTIVE	verify_jwt=false	updated_at=2026-09-25T11:34:51Z	entrypoint=index.ts
admin-request-extra-payment	v198	ACTIVE	verify_jwt=false	updated_at=2026-09-16T22:38:49Z	entrypoint=index.ts
admin-reserve-driver-payout-batch	v219	ACTIVE	verify_jwt=false	updated_at=2026-09-16T22:38:49Z	entrypoint=index.ts
admin-revolut-business-oauth	v145	ACTIVE	verify_jwt=false	updated_at=2026-09-16T22:38:49Z	entrypoint=index.ts
admin-revolut-business-oauth-callback	v143	ACTIVE	verify_jwt=false	updated_at=2026-09-16T22:38:49Z	entrypoint=index.ts
admin-revolut-orphan-reconciliation	v128	ACTIVE	verify_jwt=false	updated_at=2026-09-16T22:38:49Z	entrypoint=index.ts
admin-service-area-digital-payment-methods	v254	ACTIVE	verify_jwt=false	updated_at=2026-09-16T22:38:49Z	entrypoint=index.ts
admin-set-commission-wallet-test-access	v231	ACTIVE	verify_jwt=false	updated_at=2026-09-16T22:38:49Z	entrypoint=index.ts
admin-submit-company-transfer-payment	v117	ACTIVE	verify_jwt=false	updated_at=2026-09-16T22:38:49Z	entrypoint=index.ts
admin-submit-driver-payout-payment	v115	ACTIVE	verify_jwt=false	updated_at=2026-09-16T22:38:49Z	entrypoint=index.ts
admin-support-heartbeat	v89	ACTIVE	verify_jwt=false	updated_at=2026-09-16T22:38:49Z	entrypoint=index.ts
admin-support-status	v88	ACTIVE	verify_jwt=false	updated_at=2026-09-16T22:38:49Z	entrypoint=index.ts
admin-sync-company-transfer-provider-status	v184	ACTIVE	verify_jwt=false	updated_at=2026-09-16T22:38:49Z	entrypoint=index.ts
admin-sync-driver-payout-provider-linkage	v206	ACTIVE	verify_jwt=false	updated_at=2026-09-16T22:38:49Z	entrypoint=index.ts
admin-sync-payout-ledger	v337	ACTIVE	verify_jwt=false	updated_at=2026-09-16T22:38:49Z	entrypoint=index.ts
admin-trip-action	v252	ACTIVE	verify_jwt=false	updated_at=2026-09-22T13:45:35Z	entrypoint=index.ts
admin-trip-actions	v195	ACTIVE	verify_jwt=false	updated_at=2026-10-02T13:58:01Z	entrypoint=index.ts
admin-update-driver-contact	v276	ACTIVE	verify_jwt=false	updated_at=2026-09-16T22:38:49Z	entrypoint=index.ts
admin-verify-driver-payout-destination	v197	ACTIVE	verify_jwt=false	updated_at=2026-09-16T22:38:49Z	entrypoint=index.ts
admin-weekly-monday-settlement	v317	ACTIVE	verify_jwt=false	updated_at=2026-09-16T22:38:49Z	entrypoint=index.ts
admin-weekly-payout-scheduler	v218	ACTIVE	verify_jwt=false	updated_at=2026-10-02T14:01:28Z	entrypoint=index.ts
apply-customer-email-change	v189	ACTIVE	verify_jwt=false	updated_at=2026-09-16T22:38:49Z	entrypoint=index.ts
apply-offer	v301	ACTIVE	verify_jwt=false	updated_at=2026-09-16T22:38:49Z	entrypoint=index.ts
apply-trip-change	v394	ACTIVE	verify_jwt=false	updated_at=2026-09-16T22:38:49Z	entrypoint=index.ts
auto-dispatch	v732	ACTIVE	verify_jwt=false	updated_at=2026-10-02T13:36:41Z	entrypoint=index.ts
auto-generate-statements	v438	ACTIVE	verify_jwt=false	updated_at=2026-09-16T22:38:49Z	entrypoint=index.ts
bind-driver-device-token	v204	ACTIVE	verify_jwt=false	updated_at=2026-09-16T22:38:49Z	entrypoint=index.ts
booking-received	v306	ACTIVE	verify_jwt=false	updated_at=2026-09-16T22:38:49Z	entrypoint=index.ts
calculate-fare	v415	ACTIVE	verify_jwt=false	updated_at=2026-10-02T09:44:47Z	entrypoint=index.ts
calculate-final-fare	v388	ACTIVE	verify_jwt=false	updated_at=2026-09-16T22:38:49Z	entrypoint=index.ts
calculate-route	v514	ACTIVE	verify_jwt=false	updated_at=2026-10-02T09:44:25Z	entrypoint=index.ts
call-masking	v465	ACTIVE	verify_jwt=false	updated_at=2026-09-16T22:38:49Z	entrypoint=index.ts
cancel-corporate-trip	v269	ACTIVE	verify_jwt=false	updated_at=2026-09-16T22:38:49Z	entrypoint=index.ts
cancel-payment-session	v238	ACTIVE	verify_jwt=false	updated_at=2026-09-24T10:46:38Z	entrypoint=index.ts
cancel-trip	v712	ACTIVE	verify_jwt=false	updated_at=2026-10-02T13:56:58Z	entrypoint=index.ts
cancel-trip-modification	v485	ACTIVE	verify_jwt=false	updated_at=2026-09-16T22:38:49Z	entrypoint=index.ts
capture-expired-tip-windows	v174	ACTIVE	verify_jwt=false	updated_at=2026-09-25T11:35:01Z	entrypoint=index.ts
capture-trip-payment	v573	ACTIVE	verify_jwt=false	updated_at=2026-09-16T22:38:49Z	entrypoint=index.ts
change-active-trip-payment-method	v250	ACTIVE	verify_jwt=false	updated_at=2026-09-16T22:38:49Z	entrypoint=index.ts
change-customer-email	v170	ACTIVE	verify_jwt=false	updated_at=2026-09-16T22:38:49Z	entrypoint=index.ts
charge-lifecycle-fee	v372	ACTIVE	verify_jwt=false	updated_at=2026-09-16T22:38:49Z	entrypoint=index.ts
check-account-email-verified	v307	ACTIVE	verify_jwt=false	updated_at=2026-09-16T22:38:49Z	entrypoint=index.ts
check-corporate-schedule-overlap	v71	ACTIVE	verify_jwt=false	updated_at=2026-09-16T22:38:49Z	entrypoint=index.ts
check-geofence	v298	ACTIVE	verify_jwt=false	updated_at=2026-09-16T22:38:49Z	entrypoint=index.ts
check-identity-availability	v273	ACTIVE	verify_jwt=false	updated_at=2026-09-16T22:38:49Z	entrypoint=index.ts
claim-device	v292	ACTIVE	verify_jwt=false	updated_at=2026-09-21T11:13:50Z	entrypoint=index.ts
cleanup-unverified-accounts	v296	ACTIVE	verify_jwt=false	updated_at=2026-09-16T22:38:49Z	entrypoint=index.ts
commission-wallet-topup-webhook	v113	ACTIVE	verify_jwt=false	updated_at=2026-09-16T22:38:49Z	entrypoint=index.ts
complete-stop	v575	ACTIVE	verify_jwt=false	updated_at=2026-09-16T22:38:49Z	entrypoint=index.ts
complete-trip	v407	ACTIVE	verify_jwt=false	updated_at=2026-09-16T22:38:49Z	entrypoint=index.ts
compute-driver-demand-zones	v272	ACTIVE	verify_jwt=false	updated_at=2026-09-16T22:38:49Z	entrypoint=index.ts
confirm-revolut-payment	v177	ACTIVE	verify_jwt=false	updated_at=2026-09-19T07:33:47Z	entrypoint=index.ts
confirm-trip-modification-payment	v251	ACTIVE	verify_jwt=false	updated_at=2026-09-23T11:44:09Z	entrypoint=index.ts
corporate-service-area-options	v75	ACTIVE	verify_jwt=false	updated_at=2026-09-16T22:38:49Z	entrypoint=index.ts
create-active-trip	v305	ACTIVE	verify_jwt=false	updated_at=2026-09-16T22:38:49Z	entrypoint=index.ts
create-corporate-book	v78	ACTIVE	verify_jwt=false	updated_at=2026-09-24T10:45:51Z	entrypoint=index.ts
create-guest-payment-intent	v97	ACTIVE	verify_jwt=false	updated_at=2026-09-26T20:56:06Z	entrypoint=index.ts
create-lost-property-case	v487	ACTIVE	verify_jwt=false	updated_at=2026-09-16T22:38:49Z	entrypoint=index.ts
create-onboarding-auth-user	v335	ACTIVE	verify_jwt=false	updated_at=2026-09-16T22:38:49Z	entrypoint=index.ts
create-payment-intent	v621	ACTIVE	verify_jwt=false	updated_at=2026-09-16T22:38:49Z	entrypoint=index.ts
create-payment-recovery	v232	ACTIVE	verify_jwt=false	updated_at=2026-09-16T22:38:49Z	entrypoint=index.ts
create-preauth-payment-intent	v516	ACTIVE	verify_jwt=false	updated_at=2026-10-02T21:34:32Z	entrypoint=index.ts
create-ride	v864	ACTIVE	verify_jwt=false	updated_at=2026-09-22T13:45:39Z	entrypoint=index.ts
create-trip	v530	ACTIVE	verify_jwt=false	updated_at=2026-09-16T22:38:49Z	entrypoint=index.ts
create-trip-after-payment	v507	ACTIVE	verify_jwt=false	updated_at=2026-10-02T21:33:27Z	entrypoint=index.ts
create-trip-request	v595	ACTIVE	verify_jwt=false	updated_at=2026-09-16T22:38:49Z	entrypoint=index.ts
customer-counter-offer	v236	ACTIVE	verify_jwt=false	updated_at=2026-09-16T22:38:49Z	entrypoint=index.ts
customer-decision	v461	ACTIVE	verify_jwt=false	updated_at=2026-09-16T22:38:49Z	entrypoint=index.ts
customer-fare-decision	v607	ACTIVE	verify_jwt=false	updated_at=2026-09-16T22:38:49Z	entrypoint=index.ts
customer-identity-veriff-webhook	v78	ACTIVE	verify_jwt=false	updated_at=2026-09-16T22:38:49Z	entrypoint=index.ts
customer-login-confirm-email	v180	ACTIVE	verify_jwt=false	updated_at=2026-09-16T22:38:49Z	entrypoint=index.ts
customer-negotiation-sync	v332	ACTIVE	verify_jwt=false	updated_at=2026-09-16T22:38:49Z	entrypoint=index.ts
customer-receivable-booking-quote	v34	ACTIVE	verify_jwt=false	updated_at=2026-10-02T09:44:55Z	entrypoint=index.ts
customer-resume-driver-search	v273	ACTIVE	verify_jwt=false	updated_at=2026-09-16T22:38:49Z	entrypoint=index.ts
customer-special-offers	v96	ACTIVE	verify_jwt=false	updated_at=2026-09-16T22:38:49Z	entrypoint=index.ts
customer-trip-driver-details	v190	ACTIVE	verify_jwt=false	updated_at=2026-09-16T22:38:49Z	entrypoint=index.ts
customer-trip-invoice	v134	ACTIVE	verify_jwt=false	updated_at=2026-09-16T22:38:49Z	entrypoint=index.ts
decline-offer	v575	ACTIVE	verify_jwt=false	updated_at=2026-09-16T22:38:49Z	entrypoint=index.ts
decline-trip	v450	ACTIVE	verify_jwt=false	updated_at=2026-09-22T13:45:46Z	entrypoint=index.ts
delete-customer-account	v298	ACTIVE	verify_jwt=false	updated_at=2026-09-16T22:38:49Z	entrypoint=index.ts
delete-revolut-saved-card	v181	ACTIVE	verify_jwt=false	updated_at=2026-09-19T07:33:55Z	entrypoint=index.ts
deliver-driver-statement	v296	ACTIVE	verify_jwt=false	updated_at=2026-09-16T22:38:49Z	entrypoint=index.ts
diag	v189	ACTIVE	verify_jwt=false	updated_at=2026-09-16T22:38:49Z	entrypoint=index.ts
document-reminders	v447	ACTIVE	verify_jwt=false	updated_at=2026-09-16T22:38:49Z	entrypoint=index.ts
driver-arrived	v337	ACTIVE	verify_jwt=false	updated_at=2026-09-16T22:38:49Z	entrypoint=index.ts
driver-cancel-before-pickup	v369	ACTIVE	verify_jwt=false	updated_at=2026-09-16T22:38:49Z	entrypoint=index.ts
driver-commission-wallet-initiate-topup	v114	ACTIVE	verify_jwt=false	updated_at=2026-09-16T22:38:49Z	entrypoint=index.ts
driver-commission-wallet-summary	v115	ACTIVE	verify_jwt=false	updated_at=2026-09-16T22:38:49Z	entrypoint=index.ts
driver-earnings-summary	v521	ACTIVE	verify_jwt=false	updated_at=2026-10-02T14:01:03Z	entrypoint=index.ts
driver-fare-final	v559	ACTIVE	verify_jwt=false	updated_at=2026-09-16T22:38:49Z	entrypoint=index.ts
driver-fare-offer	v584	ACTIVE	verify_jwt=false	updated_at=2026-09-16T22:38:49Z	entrypoint=index.ts
driver-invoices	v429	ACTIVE	verify_jwt=false	updated_at=2026-09-16T22:38:49Z	entrypoint=index.ts
driver-negotiation-decision	v326	ACTIVE	verify_jwt=false	updated_at=2026-09-16T22:38:49Z	entrypoint=index.ts
driver-negotiation-sync	v305	ACTIVE	verify_jwt=false	updated_at=2026-09-16T22:38:49Z	entrypoint=index.ts
driver-payout-settings	v183	ACTIVE	verify_jwt=false	updated_at=2026-09-16T22:38:49Z	entrypoint=index.ts
driver-pending-offers	v306	ACTIVE	verify_jwt=false	updated_at=2026-09-16T22:38:49Z	entrypoint=index.ts
driver-send-preset-offer	v249	ACTIVE	verify_jwt=false	updated_at=2026-09-16T22:38:49Z	entrypoint=index.ts
driver-signup-location-options	v106	ACTIVE	verify_jwt=false	updated_at=2026-09-16T22:38:49Z	entrypoint=index.ts
driver-special-offers	v227	ACTIVE	verify_jwt=false	updated_at=2026-09-16T22:38:49Z	entrypoint=index.ts
driver-statement-pdf	v293	ACTIVE	verify_jwt=false	updated_at=2026-09-16T22:38:49Z	entrypoint=index.ts
driver-trip-passenger-details	v188	ACTIVE	verify_jwt=false	updated_at=2026-09-16T22:38:49Z	entrypoint=index.ts
driver-wallet-transactions	v490	ACTIVE	verify_jwt=false	updated_at=2026-09-16T22:38:49Z	entrypoint=index.ts
driver-withdraw	v108	ACTIVE	verify_jwt=false	updated_at=2026-10-02T14:00:36Z	entrypoint=index.ts
driving-directions	v369	ACTIVE	verify_jwt=false	updated_at=2026-09-16T22:38:49Z	entrypoint=index.ts
estimate-fare	v535	ACTIVE	verify_jwt=false	updated_at=2026-09-16T22:38:49Z	entrypoint=index.ts
expire-offers	v644	ACTIVE	verify_jwt=false	updated_at=2026-09-16T22:38:49Z	entrypoint=index.ts
expire-stale-drivers	v536	ACTIVE	verify_jwt=false	updated_at=2026-09-16T22:38:49Z	entrypoint=index.ts
expire-trip	v425	ACTIVE	verify_jwt=false	updated_at=2026-09-16T22:38:49Z	entrypoint=index.ts
finalize-customer-onboarding	v302	ACTIVE	verify_jwt=false	updated_at=2026-09-16T22:38:49Z	entrypoint=index.ts
finalize-paid-booking-session	v231	ACTIVE	verify_jwt=false	updated_at=2026-09-16T22:38:49Z	entrypoint=index.ts
finalize-trip-and-capture	v543	ACTIVE	verify_jwt=false	updated_at=2026-09-26T11:42:17Z	entrypoint=index.ts
finance-backend-audit-v1	v198	ACTIVE	verify_jwt=false	updated_at=2026-09-25T13:31:12Z	entrypoint=index.ts
financial-ssot-monitor	v142	ACTIVE	verify_jwt=false	updated_at=2026-09-16T22:38:49Z	entrypoint=index.ts
find-drivers	v473	ACTIVE	verify_jwt=false	updated_at=2026-09-16T22:38:49Z	entrypoint=index.ts
generate-driver-statement	v430	ACTIVE	verify_jwt=false	updated_at=2026-09-16T22:38:49Z	entrypoint=index.ts
generate-merchant-image	v218	ACTIVE	verify_jwt=false	updated_at=2026-09-16T22:38:49Z	entrypoint=index.ts
get-active-offer	v304	ACTIVE	verify_jwt=false	updated_at=2026-09-16T22:38:49Z	entrypoint=index.ts
get-active-trip	v502	ACTIVE	verify_jwt=false	updated_at=2026-09-26T09:09:31Z	entrypoint=index.ts
get-customer-identity-verification-status	v77	ACTIVE	verify_jwt=false	updated_at=2026-09-16T22:38:49Z	entrypoint=index.ts
get-driver-offer-snapshot	v129	ACTIVE	verify_jwt=false	updated_at=2026-09-16T22:38:49Z	entrypoint=index.ts
get-mapbox-token	v326	ACTIVE	verify_jwt=false	updated_at=2026-09-16T22:38:49Z	entrypoint=index.ts
get-payment-session	v132	ACTIVE	verify_jwt=false	updated_at=2026-09-16T22:38:49Z	entrypoint=index.ts
get-preset-offers	v299	ACTIVE	verify_jwt=false	updated_at=2026-09-16T22:38:49Z	entrypoint=index.ts
get-revolut-checkout-client-config	v180	ACTIVE	verify_jwt=false	updated_at=2026-09-16T22:38:49Z	entrypoint=index.ts
get-sentry-dsn	v527	ACTIVE	verify_jwt=false	updated_at=2026-09-16T22:38:49Z	entrypoint=index.ts
get-vapid-key	v521	ACTIVE	verify_jwt=false	updated_at=2026-09-16T22:38:49Z	entrypoint=index.ts
guard-onboarding-login	v296	ACTIVE	verify_jwt=false	updated_at=2026-09-16T22:38:49Z	entrypoint=index.ts
guest-trip-action	v71	ACTIVE	verify_jwt=false	updated_at=2026-09-14T09:08:45Z	entrypoint=index.ts
guest-trip-status	v81	ACTIVE	verify_jwt=false	updated_at=2026-09-14T09:05:15Z	entrypoint=index.ts
help-centre	v226	ACTIVE	verify_jwt=false	updated_at=2026-09-16T22:38:49Z	entrypoint=index.ts
improve-lost-item-description	v361	ACTIVE	verify_jwt=false	updated_at=2026-09-16T22:38:49Z	entrypoint=index.ts
ingest-ops-event	v329	ACTIVE	verify_jwt=false	updated_at=2026-09-16T22:38:49Z	entrypoint=index.ts
ingest-telemetry	v615	ACTIVE	verify_jwt=false	updated_at=2026-09-27T08:46:39Z	entrypoint=index.ts
investigate-resend-delivery	v233	ACTIVE	verify_jwt=false	updated_at=2026-09-16T22:38:49Z	entrypoint=index.ts
ios-offer-realert	v374	ACTIVE	verify_jwt=false	updated_at=2026-09-16T22:38:49Z	entrypoint=index.ts
late-cancellation-check	v432	ACTIVE	verify_jwt=false	updated_at=2026-10-02T05:05:56Z	entrypoint=index.ts
list-customer-service-areas	v5	ACTIVE	verify_jwt=false	updated_at=2026-09-25T19:53:44Z	entrypoint=index.ts
list-marketplace-merchants	v218	ACTIVE	verify_jwt=false	updated_at=2026-09-16T22:38:49Z	entrypoint=index.ts
list-revolut-saved-cards	v184	ACTIVE	verify_jwt=false	updated_at=2026-09-19T07:33:56Z	entrypoint=index.ts
livekit-voip-token	v179	ACTIVE	verify_jwt=false	updated_at=2026-09-16T22:38:49Z	entrypoint=index.ts
livekit-webhook	v105	ACTIVE	verify_jwt=false	updated_at=2026-09-16T22:38:49Z	entrypoint=index.ts
lookup-booking-canonical-trip	v5	ACTIVE	verify_jwt=false	updated_at=2026-09-26T20:04:44Z	entrypoint=index.ts
lost-property	v340	ACTIVE	verify_jwt=false	updated_at=2026-09-21T20:12:19Z	entrypoint=index.ts
lost-property-ai	v349	ACTIVE	verify_jwt=false	updated_at=2026-09-16T22:38:49Z	entrypoint=index.ts
lost-property-transition	v424	ACTIVE	verify_jwt=false	updated_at=2026-09-16T22:38:49Z	entrypoint=index.ts
lovable-app-publish	v237	ACTIVE	verify_jwt=false	updated_at=2026-09-20T09:17:58Z	entrypoint=index.ts
mapbox-places	v235	ACTIVE	verify_jwt=false	updated_at=2026-09-16T22:38:49Z	entrypoint=index.ts
mapbox-search	v267	ACTIVE	verify_jwt=false	updated_at=2026-09-16T22:38:49Z	entrypoint=index.ts
merchant-signup	v223	ACTIVE	verify_jwt=false	updated_at=2026-09-16T22:38:49Z	entrypoint=index.ts
onecab-assistant	v116	ACTIVE	verify_jwt=false	updated_at=2026-09-27T06:33:13Z	entrypoint=index.ts
open-payment-session-checkout	v125	ACTIVE	verify_jwt=false	updated_at=2026-09-16T22:38:49Z	entrypoint=index.ts
ops-ai-fix	v351	ACTIVE	verify_jwt=false	updated_at=2026-09-16T22:38:49Z	entrypoint=index.ts
ops-ai-summary	v351	ACTIVE	verify_jwt=false	updated_at=2026-09-16T22:38:49Z	entrypoint=index.ts
ops-p0-release-duplicate-holds	v181	ACTIVE	verify_jwt=false	updated_at=2026-09-16T22:38:49Z	entrypoint=index.ts
ops-run-detections	v349	ACTIVE	verify_jwt=false	updated_at=2026-09-16T22:38:49Z	entrypoint=index.ts
ops-seed	v359	ACTIVE	verify_jwt=false	updated_at=2026-09-16T22:38:49Z	entrypoint=index.ts
pickup-no-show	v480	ACTIVE	verify_jwt=false	updated_at=2026-10-02T13:58:52Z	entrypoint=index.ts
place-lookup	v466	ACTIVE	verify_jwt=false	updated_at=2026-09-16T22:38:49Z	entrypoint=index.ts
postcode-lookup	v179	ACTIVE	verify_jwt=false	updated_at=2026-09-16T22:38:49Z	entrypoint=index.ts
process-scheduled-rides	v509	ACTIVE	verify_jwt=false	updated_at=2026-09-16T22:38:49Z	entrypoint=index.ts
public-content	v401	ACTIVE	verify_jwt=false	updated_at=2026-09-16T22:38:49Z	entrypoint=index.ts
qr-booking-config	v373	ACTIVE	verify_jwt=false	updated_at=2026-09-16T22:38:49Z	entrypoint=index.ts
query-performance	v351	ACTIVE	verify_jwt=false	updated_at=2026-09-16T22:38:49Z	entrypoint=index.ts
reconcile-payment-session	v70	ACTIVE	verify_jwt=false	updated_at=2026-09-18T19:47:34Z	entrypoint=index.ts
reconcile-submitted-driver-withdrawals	v78	ACTIVE	verify_jwt=false	updated_at=2026-09-16T22:38:49Z	entrypoint=index.ts
record-financial-outcome	v360	ACTIVE	verify_jwt=false	updated_at=2026-10-02T05:05:45Z	entrypoint=index.ts
redeem-promo-code	v426	ACTIVE	verify_jwt=false	updated_at=2026-09-16T22:38:49Z	entrypoint=index.ts
release-terminal-trip-hold	v183	ACTIVE	verify_jwt=false	updated_at=2026-10-02T13:57:30Z	entrypoint=index.ts
repair-commissions	v572	ACTIVE	verify_jwt=false	updated_at=2026-09-16T22:38:49Z	entrypoint=index.ts
report-payment-recovery-needed	v129	ACTIVE	verify_jwt=false	updated_at=2026-09-16T22:38:49Z	entrypoint=index.ts
request-password-recovery	v181	ACTIVE	verify_jwt=false	updated_at=2026-09-16T22:38:49Z	entrypoint=index.ts
request-trip-modification	v443	ACTIVE	verify_jwt=false	updated_at=2026-09-26T07:42:59Z	entrypoint=index.ts
resolve-service-area	v638	ACTIVE	verify_jwt=false	updated_at=2026-09-25T19:53:44Z	entrypoint=index.ts
resolve-zones	v450	ACTIVE	verify_jwt=false	updated_at=2026-09-16T22:38:49Z	entrypoint=index.ts
respond-trip-modification	v418	ACTIVE	verify_jwt=false	updated_at=2026-09-16T22:38:49Z	entrypoint=index.ts
restore-active-trip	v178	ACTIVE	verify_jwt=false	updated_at=2026-09-26T09:30:48Z	entrypoint=index.ts
resume-verification-sign-in	v231	ACTIVE	verify_jwt=false	updated_at=2026-09-16T22:38:49Z	entrypoint=index.ts
revolut-backfill-provider-fees	v224	ACTIVE	verify_jwt=false	updated_at=2026-10-02T13:59:41Z	entrypoint=index.ts
revolut-cancel-order	v205	ACTIVE	verify_jwt=false	updated_at=2026-09-16T22:38:49Z	entrypoint=index.ts
revolut-capture-order	v262	ACTIVE	verify_jwt=false	updated_at=2026-09-16T22:38:49Z	entrypoint=index.ts
revolut-merchant-payment-details	v258	ACTIVE	verify_jwt=false	updated_at=2026-09-16T22:38:49Z	entrypoint=index.ts
revolut-merchant-payouts-sync	v259	ACTIVE	verify_jwt=false	updated_at=2026-09-16T22:38:49Z	entrypoint=index.ts
revolut-refund-order	v257	ACTIVE	verify_jwt=false	updated_at=2026-09-16T22:38:49Z	entrypoint=index.ts
revolut-webhook	v307	ACTIVE	verify_jwt=false	updated_at=2026-10-02T19:42:15Z	entrypoint=index.ts
ride-offer-reminders	v310	ACTIVE	verify_jwt=false	updated_at=2026-09-26T14:04:44Z	entrypoint=index.ts
ride-transition	v620	ACTIVE	verify_jwt=false	updated_at=2026-09-16T22:38:49Z	entrypoint=index.ts
save-customer-push-token	v519	ACTIVE	verify_jwt=false	updated_at=2026-10-02T13:24:40Z	entrypoint=index.ts
save-push-subscription	v521	ACTIVE	verify_jwt=false	updated_at=2026-09-16T22:38:49Z	entrypoint=index.ts
schedule-dispatch	v375	ACTIVE	verify_jwt=false	updated_at=2026-09-22T17:22:56Z	entrypoint=index.ts
scheduled-checkin	v258	ACTIVE	verify_jwt=false	updated_at=2026-09-22T17:00:29Z	entrypoint=index.ts
scheduled-dispatch	v627	ACTIVE	verify_jwt=false	updated_at=2026-09-23T13:29:27Z	entrypoint=index.ts
scheduled-ride-action	v577	ACTIVE	verify_jwt=false	updated_at=2026-09-22T13:45:59Z	entrypoint=index.ts
search-onecab-locations	v226	ACTIVE	verify_jwt=false	updated_at=2026-09-16T22:47:39Z	entrypoint=index.ts
send-account-email-change-verification	v264	ACTIVE	verify_jwt=false	updated_at=2026-09-16T22:38:49Z	entrypoint=index.ts
send-account-email-verification	v341	ACTIVE	verify_jwt=false	updated_at=2026-09-16T22:38:49Z	entrypoint=index.ts
send-admin-notification	v205	ACTIVE	verify_jwt=false	updated_at=2026-09-16T22:38:49Z	entrypoint=index.ts
send-campaign-heads-up	v269	ACTIVE	verify_jwt=false	updated_at=2026-09-16T22:38:49Z	entrypoint=index.ts
send-customer-notification	v491	ACTIVE	verify_jwt=false	updated_at=2026-10-02T13:24:40Z	entrypoint=index.ts
send-customer-phone-otp	v298	ACTIVE	verify_jwt=false	updated_at=2026-09-16T22:38:49Z	entrypoint=index.ts
send-document-notification	v579	ACTIVE	verify_jwt=false	updated_at=2026-09-16T22:38:49Z	entrypoint=index.ts
send-driver-notification	v589	ACTIVE	verify_jwt=false	updated_at=2026-09-21T11:41:19Z	entrypoint=index.ts
send-driver-phone-otp	v283	ACTIVE	verify_jwt=false	updated_at=2026-09-16T22:38:49Z	entrypoint=index.ts
send-email	v221	ACTIVE	verify_jwt=false	updated_at=2026-09-16T22:38:49Z	entrypoint=index.ts
send-lost-property-message	v485	ACTIVE	verify_jwt=false	updated_at=2026-09-16T22:38:49Z	entrypoint=index.ts
send-password-reset-otp	v221	ACTIVE	verify_jwt=false	updated_at=2026-09-16T22:38:49Z	entrypoint=index.ts
send-push-notification	v522	ACTIVE	verify_jwt=false	updated_at=2026-09-16T22:38:49Z	entrypoint=index.ts
send-tip-thanks	v75	ACTIVE	verify_jwt=false	updated_at=2026-09-17T12:26:21Z	entrypoint=index.ts
send-trip-notification	v327	ACTIVE	verify_jwt=false	updated_at=2026-10-02T13:24:40Z	entrypoint=index.ts
send-trip-receipt	v74	ACTIVE	verify_jwt=false	updated_at=2026-09-16T22:38:49Z	entrypoint=index.ts
set-corporate-service-area	v75	ACTIVE	verify_jwt=false	updated_at=2026-09-16T22:38:49Z	entrypoint=index.ts
setup-revolut-card	v197	ACTIVE	verify_jwt=false	updated_at=2026-09-19T07:33:53Z	entrypoint=index.ts
stacked-ride-driver-offline	v284	ACTIVE	verify_jwt=false	updated_at=2026-09-16T22:38:49Z	entrypoint=index.ts
start-customer-identity-verification	v81	ACTIVE	verify_jwt=false	updated_at=2026-09-16T22:38:49Z	entrypoint=index.ts
start-waiting-charge	v455	ACTIVE	verify_jwt=false	updated_at=2026-09-16T22:38:49Z	entrypoint=index.ts
stop-waiting	v393	ACTIVE	verify_jwt=false	updated_at=2026-09-16T22:38:49Z	entrypoint=index.ts
stop-workflow	v660	ACTIVE	verify_jwt=false	updated_at=2026-10-02T12:17:16Z	entrypoint=index.ts
submit-corporate-account-request	v77	ACTIVE	verify_jwt=false	updated_at=2026-09-16T22:38:49Z	entrypoint=index.ts
submit-customer-identity-verification	v75	ACTIVE	verify_jwt=false	updated_at=2026-09-16T22:38:49Z	entrypoint=index.ts
submit-customer-trip-tip	v87	ACTIVE	verify_jwt=false	updated_at=2026-09-26T11:42:00Z	entrypoint=index.ts
submit-revolut-google-pay	v183	ACTIVE	verify_jwt=false	updated_at=2026-09-16T22:38:49Z	entrypoint=index.ts
sweep-pending-trip-invoices	v106	ACTIVE	verify_jwt=false	updated_at=2026-09-16T22:38:49Z	entrypoint=index.ts
sweep-revolut-stale-holds	v184	ACTIVE	verify_jwt=false	updated_at=2026-10-02T13:58:26Z	entrypoint=index.ts
tick-pickup-waiting-charge	v465	ACTIVE	verify_jwt=false	updated_at=2026-10-02T12:16:59Z	entrypoint=index.ts
tick-waiting-charge	v443	ACTIVE	verify_jwt=false	updated_at=2026-10-02T12:18:26Z	entrypoint=index.ts
trip-communication-config	v188	ACTIVE	verify_jwt=false	updated_at=2026-09-16T22:38:49Z	entrypoint=index.ts
trip-communication-staging-verify	v101	ACTIVE	verify_jwt=false	updated_at=2026-09-16T22:38:49Z	entrypoint=index.ts
trip-communication-timeout-sweep	v105	ACTIVE	verify_jwt=false	updated_at=2026-09-16T22:38:49Z	entrypoint=index.ts
trip-invoice-process	v318	ACTIVE	verify_jwt=false	updated_at=2026-09-16T22:38:49Z	entrypoint=index.ts
trip-route	v313	ACTIVE	verify_jwt=false	updated_at=2026-09-16T22:38:49Z	entrypoint=index.ts
unbind-driver-device-token	v200	ACTIVE	verify_jwt=false	updated_at=2026-09-16T22:38:49Z	entrypoint=index.ts
update-driver-payout-destination	v184	ACTIVE	verify_jwt=false	updated_at=2026-09-16T22:38:49Z	entrypoint=index.ts
update-lost-property-case	v490	ACTIVE	verify_jwt=false	updated_at=2026-09-16T22:38:49Z	entrypoint=index.ts
update-preauth-on-trip-modification	v509	ACTIVE	verify_jwt=false	updated_at=2026-09-23T11:43:59Z	entrypoint=index.ts
update-stop-status	v511	ACTIVE	verify_jwt=false	updated_at=2026-09-16T22:38:49Z	entrypoint=index.ts
update-trip-status	v554	ACTIVE	verify_jwt=false	updated_at=2026-09-16T22:38:49Z	entrypoint=index.ts
upsert-driver-location	v399	ACTIVE	verify_jwt=false	updated_at=2026-09-16T22:38:49Z	entrypoint=index.ts
validate-customer	v271	ACTIVE	verify_jwt=false	updated_at=2026-09-16T22:38:49Z	entrypoint=index.ts
validate-driver	v305	ACTIVE	verify_jwt=false	updated_at=2026-09-16T22:38:49Z	entrypoint=index.ts
validate-personal-voucher	v280	ACTIVE	verify_jwt=false	updated_at=2026-09-16T22:38:49Z	entrypoint=index.ts
validate-scheduled-booking	v364	ACTIVE	verify_jwt=false	updated_at=2026-09-22T17:22:58Z	entrypoint=index.ts
verify-account-email	v313	ACTIVE	verify_jwt=false	updated_at=2026-09-16T22:38:49Z	entrypoint=index.ts
verify-account-email-change	v260	ACTIVE	verify_jwt=false	updated_at=2026-09-16T22:38:49Z	entrypoint=index.ts
verify-customer-phone-otp	v291	ACTIVE	verify_jwt=false	updated_at=2026-09-16T22:38:49Z	entrypoint=index.ts
verify-device	v292	ACTIVE	verify_jwt=false	updated_at=2026-09-16T22:38:49Z	entrypoint=index.ts
verify-driver-phone-otp	v278	ACTIVE	verify_jwt=false	updated_at=2026-09-16T22:38:49Z	entrypoint=index.ts
voip-call-event	v166	ACTIVE	verify_jwt=false	updated_at=2026-09-16T22:38:49Z	entrypoint=index.ts
wa-book-token	v70	ACTIVE	verify_jwt=false	updated_at=2026-09-15T04:54:56Z	entrypoint=index.ts
website-enquiry	v215	ACTIVE	verify_jwt=false	updated_at=2026-09-16T22:38:49Z	entrypoint=index.ts
website-support-chat	v88	ACTIVE	verify_jwt=false	updated_at=2026-09-16T22:38:49Z	entrypoint=index.ts
whatsapp-booking-fares	v90	ACTIVE	verify_jwt=false	updated_at=2026-09-26T14:35:12Z	entrypoint=index.ts
whatsapp-booking-out-of-area-notify	v10	ACTIVE	verify_jwt=false	updated_at=2026-09-25T20:17:40Z	entrypoint=index.ts
whatsapp-reply	v90	ACTIVE	verify_jwt=false	updated_at=2026-09-16T22:38:49Z	entrypoint=index.ts
whatsapp-resolve	v91	ACTIVE	verify_jwt=false	updated_at=2026-09-16T22:38:49Z	entrypoint=index.ts
whatsapp-session-expire	v94	ACTIVE	verify_jwt=false	updated_at=2026-09-16T22:38:49Z	entrypoint=index.ts
whatsapp-webhook	v116	ACTIVE	verify_jwt=false	updated_at=2026-09-01T12:17:12Z	entrypoint=index.ts
